N,seed,estimate,se
256,108,1.036157903819489e-07,3.016036776012602e-08
256,208,7.881748774120304e-08,2.6969233862174855e-08
512,109,9.437947827271878e-08,2.3460815096632283e-08
512,209,8.94834333830575e-08,2.3379342579334084e-08
1024,110,9.993588367718662e-08,2.0783542747659762e-08
1024,210,9.833700487725109e-08,1.8268439208357816e-08
2048,111,1.0098634582243073e-07,1.5626041523472433e-08
2048,211,1.0703460625910842e-07,1.677276402489455e-08
4096,112,9.235557982763244e-08,9.594484001328613e-09
4096,212,9.916220637941576e-08,1.049685760237895e-08
8192,113,9.607975524704581e-08,6.8139224530729585e-09
8192,213,9.559247023204743e-08,6.892895536268298e-09
